Video ID,Título,Data de Publicação,Duração,Playlists
--9G_GYL6ZY,2023 02 25 - Retiro de Verão 2023 - #9.5,2023-02-20T14:28:31Z,PT2H56M26S,
--y_eq4XeIY,#838 Prática de Prajnaparamita e Buda da Medicina | 26/07/22,2022-07-26T23:20:30Z,PT1H31M40S,
-0xgFVzA5U0,Retiro de Inverno 2012 | Parte 14/14,2012-09-04T08:37:47Z,PT1H48M46S,
-1fOffiv2bw,#18 Estudo “Sutra Surangama - O Sutra da Grande Coroa do Buda”  - Lama Padma Samten,2021-06-30T22:17:45Z,PT1H53M20S,
-29QEsBODs0,TESTE OBS,2022-08-30T16:35:30Z,PT3M16S,
-2HpSZSyoCU,2022 07 13 - Retiro de Inverno 2022 - 2ªparte - #3,2022-07-10T22:19:35Z,PT3H23M41S,
-3QWhD7UBA0,#18 Retiro de Verão | 2018,2018-02-16T19:41:23Z,PT2H13M15S,
-3zIQuo388w,"2024/06/23 - Retiro ""Visão Profunda das Oito Consciências como Caminho"" - CEBB Maceió | #03",2024-05-27T18:41:31Z,PT3H26M16S,
-4CK_FOKWkE,#649 Prática de Prajnaparamita e Buda da Medicina | 18/01/22,2022-01-18T23:03:04Z,PT55M21S,
-4n7g3tDvMM,2022 09 25 - Retiro |  Amadurecimento Progressivo da Visão e Meditação - #12,2022-09-16T10:42:50Z,PT2H53M45S,
-6Poqw6HNGA,"(LIBRAS) Palestra: ""Meditação e ação na vida cotidiana"" | CEBB Fortaleza",2023-09-15T21:16:46Z,PT20M40S,
-82u2Fw9v7s,#1573 Puja Diário | 01/08/24,2024-08-02T11:17:11Z,PT1H7M56S,
-8aPpCPtdd4,"2021 11 14 - MANHÃ - Retiro | As Oito Consciências, As Cinco Sabedorias e o Sofrimento",2022-11-22T00:10:23Z,PT3H25M6S,
-9VYZ20mxqI,#1380 Puja Diário | 21/01/24,2024-01-22T10:57:19Z,PT52M16S,
-Aw9vHp4txs,2025 01 30 - Retiro de Verão 2025 no CEBB Sukhavati #15,2025-01-31T03:22:46Z,PT2H24M10S,
-CM7iZQOtfY,#1457 Puja Diário | 07/04/24,2024-04-08T11:02:45Z,PT58M1S,
-DNu_OxizkY,#230 Prática Prajnaparamita e Buda da Medicina | 28/11/2020,2020-11-29T00:08:22Z,PT1H13S,
-DZG163k1m0,"[ VÍDEO SUBSTITUÍDO: Roteiro de 8 Pontos de Prajnaparamita, parte 2 | Retiro de Verão 2017 #8 ]",2017-02-20T20:13:35Z,PT2H6M3S,
-DiAis3RipU,#1629 Puja Diário | 26/09/24,2024-09-27T11:01:22Z,PT52M11S,
-ELjgLNePls,#985 Prática de Prajnaparamita e Buda da Medicina  | 20/12/22,2022-12-20T23:27:12Z,PT1H57M35S,
-ETbUEmy2Uk,#942 Prática de Prajnaparamita e Buda da Medicina  | 07/11/22,2022-11-07T23:35:41Z,PT1H34M,
-EVUgOtgKjQ,Virada Zen | Amanhã da Paz com Lama Padma Samten | 21/09/2020,2020-09-22T00:28:15Z,PT1H1M5S,
-GlJB5a1ux4,"""Prajnaparamita e a Mandala das 5 Sabedorias"" 4",2012-11-07T00:28:34Z,PT2H24M17S,
-HA8KCtZTuQ,#789 Prática de Prajnaparamita e Buda da Medicina | 07/06/22,2022-06-07T23:14:07Z,PT1H5M51S,
-IcUYxU3JBI,#1510 Puja Diário | 30/05/24,2024-05-31T11:24:28Z,PT50M5S,
-JfD9CcGy6c,Ensinamentos Budistas para a Vida Cotidianna | Saúde: uma visão integrativa,2016-01-16T19:18:03Z,PT2H14M42S,
-K6MR_Ah1oc,teste,2020-09-19T15:10:07Z,PT4M38S,
-M3YR-I_Vyg,[Inglês] 2024 07 25 - Retiro de Inverno 2024 no CEBB Alto Paraíso #10,2024-07-21T12:22:47Z,PT2H31M1S,
-MnmfpER40U,"2023 11 21 Estudo de Aprofundamento | “Conselhos para uma Sociedade Equilibrada e Próspera"" #07",2023-11-21T11:54:44Z,PT2H9M41S,
-OiLp1LDyes,#03 | Experiência Sensorial Cotidiana na Perspectiva da Sabedoria Primordial | 19/01/21,2021-01-15T20:56:08Z,PT2H1M25S,
-PE8Gv7ZZ4I,"Paradoxos do caminho e materialismo espiritual | Retiro de Inverno 2017 #23 | (10º dia, manhã p. 1)",2017-07-31T16:49:10Z,PT2H12M40S,
-PIjAXGVrU4,Budismo e Alegria de Viver - Retiro com o Lama Padma Samten #3  (Sábado/ tarde),2019-05-25T20:10:46Z,PT2H20S,
-PNnwpwMXPE,#1666 Puja Diário | 01/11/24,2024-11-02T12:51:34Z,PT2H27M,
-QJjj8MZSJ0,#360 Prática Prajnaparamita e Buda da Medicina | 06/04/2021,2021-04-06T23:00:10Z,PT52M,
-QdBKgenGrw,"Turnê mundial da exposição ""Relíquias do Buda"" - Parte 1",2010-03-25T13:55:05Z,PT7M44S,
-QoMLZhBGNw,#10 | Perguntas & Respostas (#285 Prajnaparamita) | 22/01/2021,2021-01-22T23:31:50Z,PT1H20M56S,
-RVSnD9H_gg,2022 01 22 - A Meditação dos Jhanas MANHÃ,2021-12-13T21:43:13Z,PT3H13M35S,
-RcdYtv3HV4,#329 Prática Prajnaparamita e Buda da Medicina | 06/03/2021,2021-03-06T23:04:04Z,PT59M20S,
-SXcU8O3m-g,2023 01 28 - Retiro Bacopari 2023- 22 a 3101- #07,2023-01-16T12:14:16Z,PT1H50M41S,
-V-pjcw9Ebk,Puja e Palestra: O Caminho Espiritual em Meio à Vida - CEBB Criciúma | 17/08/2023,2023-08-18T13:02:21Z,PT2H19M20S,
-X02_b1pAyE,#814 Prática de Prajnaparamita e Buda da Medicina | 02/07/22,2022-07-02T23:37:30Z,PT1H47M36S,
-XvC9yIQD9g,#733 Prática de Prajnaparamita e Buda da Medicina | 12/04/22,2022-04-12T23:23:44Z,PT1H25M55S,
-_-uKi3YYIA,#25 | Experiência Sensorial Cotidiana na Perspectiva da Sabedoria Primordial | 30/01/21,2021-01-15T21:19:48Z,PT1H58M25S,
-aFAhEHQw14,2023 12 03 Retiro da Iluminação do Buda | #2.5,2023-12-02T13:49:44Z,PT2H51M40S,
-bB-rLeQzQ4,#1834 Puja Diário | 21/04/25,2025-04-22T11:18:11Z,PT1H4M,
-g7ffVF_lCw,Budismo e Responsabilidade Universal   Abertura,2010-10-16T02:54:50Z,PT5M36S,
-hvUgVHqKbM,#1786 Puja Diário | 04/03/25,2025-03-05T12:23:26Z,PT1H50M21S,
-hy9BP1FWc4,"2023 10 07 Minirretiro ""Como enfrentar com lucidez os desafios na vida cotidiana"" | RJ #02 (tarde)",2025-06-01T19:18:12Z,PT2H52M31S,
-jpqwDJw6xs,#40 Retiro de Inverno 2020 (#136 Prajnaparamita) | Perguntas e Respostas 26/08/2020,2020-08-27T00:33:20Z,PT1H22M21S,
-kYPn7tMZt4,#1624 Puja Diário | 21/09/24,2024-09-22T10:57:42Z,PT56M26S,
-ljSnKqLp1A,"2024 01 11 Curso ""O caminho da prática em meio a vida"" CEBB Floripa | #04",2025-06-01T19:09:28Z,PT1H32M11S,
-lmvmavMnmk,2022 06 10 - Retiro: Apresentação dos Estágios do Caminho Budista - #9,2022-05-25T00:07:36Z,PT3H14M41S,
-mMzeY-5enE,2025 05 29 - Estudo de Aprofundamento - O Sutra do Lótus #8,2025-05-29T10:46:23Z,PT1H31M6S,
-nKM-7-08IU,"2023 09 19 Curso ""Relações e Redes – Ações Vitoriosas tecendo redes compassivas"" #2 - CEBB Maceió",2024-08-03T19:16:27Z,PT11M44S,
-prdO7pjEXo,Projeto Maitréia e as Relíquias de Buda - Parte 1,2010-03-25T09:56:16Z,PT7M8S,
-q0P3HLojlQ,"(LIBRAS) Palestra: ""Cultivando a lucidez: liberdade além das aparências | CEBB Fortaleza",2023-09-16T12:40:29Z,PT2H20M11S,
-qLCsR1Ozd4,#26 | Perguntas & Respostas (#277 Prajnaparamita) | Quinta Noite | 14/01/2021,2021-01-14T23:55:25Z,PT1H45M31S,
-qYwMwmq1JM,"Budismo e reencantamento do mundo #4 (manhã, 14/5/17, SP)",2017-05-14T16:18:46Z,PT2H52M17S,
-qbgHTX-Nig,Retiro de Verão | 7º Dia - Tarde | 20/02/2015,2015-02-20T21:23:18Z,PT1H13M26S,
-qfxrJN3qY4,2023 07 08 - Caminho da Visão | Retiro de Inverno no CEBB CM #01 (manhã),2023-07-04T17:01:42Z,PT2H52M50S,
-roZNzLbLP8,"Retiro de Verão 2016 #18 | Perguntas e Respostas (relacionamentos, 5 skandas) (6º dia, tarde)",2016-02-11T19:40:36Z,PT1H21M45S,
-shpbbJDEk8,2023 01 04 - Retiro Bacopari 2023 - 03 a 1601- #02,2022-12-05T12:15:38Z,PT2H6M6S,
-th_2fEfErQ,#1821 Puja Diário | 08/04/25,2025-04-09T11:09:59Z,PT55M30S,
-u2xy9XpFyA,#1793 Puja Diário | 11/03/25,2025-03-12T11:00:38Z,PT49M35S,
-ujrtSlDj08,Palestra: O Caminho Budista da Cura da Mente e das Emoções | CEBB BH - 23.05.24,2024-05-02T19:23:50Z,PT2H1M21S,
-uq9YY_BGeo,[Inglês] 2024 07 28 - Retiro de Inverno 2024 no CEBB Alto Paraíso #16,2024-07-21T12:27:15Z,PT2H49M21S,
-vUqAa4pYEE,"2022 05 01 - Retreat “View, Meditation and Action” - #05",2022-04-13T12:15:41Z,PT2H4M31S,
-wYcVb0YwAQ,"Palestra ""Práticas para uma vida harmoniosa e um cotidiano lúcido"" - CEBB Criciúma",2025-03-31T14:41:12Z,PT1H34M16S,
-xgvX_iO-So,#7 Retiro de Verão | 2018,2018-02-12T14:21:42Z,PT2H15M6S,
-xshZrztOOg,#950 Prática de Prajnaparamita e Buda da Medicina  | 15/11/22,2022-11-15T23:20:21Z,PT1H18M5S,
-z-pMrN1euE,"2024/04/20 - Estudo de Aprofundamento - Sabedoria, Nirvana, Etapas de Realização | #11",2024-04-11T12:07:02Z,PT2H34M11S,
-zIBbLXR1w4,lama lucidez,2014-06-02T02:13:18Z,PT1H48M33S,
-zf9twp4bbI,Retiro de Verão 2014 com Lama Padma Samten (3º dia - MANHÃ),2014-02-16T17:20:08Z,PT2H25M11S,
0-_X6emDdPM,#377 Prática Prajnaparamita e Buda da Medicina | 24/04/2021,2021-04-24T23:11:01Z,PT59M7S,
009sWOFwc1M,"2025 06 01 - Retiro ""Para reencantar a vida cotidiana e agir com sabedoria"" #03",2025-06-01T12:11:18Z,PT2H44M40S,
01YvyYxJ6L0,#1177 Puja Diário | 30/06/23,2023-07-01T11:10:06Z,PT1H6M51S,
01jc0CjqrA4,#842 Prática de Prajnaparamita e Buda da Medicina | 30/07/22,2022-07-30T23:44:59Z,PT1H49M,
02aRd3pYeCk,#1274 Puja Diário | 06/10/23,2023-10-07T10:28:34Z,PT33M,
03AeNkzPDIU,#1089 Prática de Prajnaparamita e Buda da Medicina  |  03/04/23,2023-04-03T23:08:51Z,PT57M38S,
05MoSG1KjWI,#715 Prática de Prajnaparamita e Buda da Medicina | 25/03/22,2022-03-25T23:15:25Z,PT1H12M6S,
05t0rKJUIds,#1578 Puja Diário | 06/08/24,2024-08-07T11:37:19Z,PT1H15M55S,
0659PuGGBUE,2 - Meditação - Escola Caminho do Meio 2,2013-06-25T23:13:42Z,PT30M36S,
07oEMwvM0TA,Retiro de Verão 2016 (antigo #16),2016-02-11T20:09:40Z,PT1H35M4S,
08rZxs7YxOI,Palestra: Visões de paz e sociedade,2023-05-18T15:02:10Z,PT2H7M1S,
0A5XGz4L0Aw,#1297 Puja Diário | 29/10/23,2023-10-30T10:57:48Z,PT56M45S,
0B1xZXadWGQ,#705 Prática de Prajnaparamita e Buda da Medicina | 15/03/22,2022-03-15T23:25:43Z,PT1H26M15S,
0C4FUH_02ko,#494 Prática de Prajnaparamita e Buda da Medicina | 19/08/2021,2021-08-19T22:49:27Z,PT52M36S,
0DNg2WRgPK0,Retiro de Verão 2019 | #17 | 09.03 | 14h,2019-03-09T20:14:02Z,PT2H4M59S,
0DQYFnScDxQ,#1079 Prática de Prajnaparamita e Buda da Medicina  |  24/03/23,2023-03-24T23:55:03Z,PT1H31M6S,
0ECLLmhk1Z4,2022 10 27 - Retiro |  Instruções Práticas do Buda para nossas Vidas - #11(novo),2022-10-25T19:25:12Z,PT2H38M55S,
0EzjB7zF-Os,#1682 Puja Diário | 18/11/24,2024-11-19T11:10:21Z,PT50M15S,
0G8R-diDLto,As 5 Sabedorias,2013-06-25T23:11:11Z,PT1H27M15S,
0GMKAYVIN3Q,#1758 Puja Diário | 04/02/25,2025-02-05T11:03:36Z,PT53M36S,
0GdNCDpv7Wg,#1587 Puja Diário | 15/08/24,2024-08-16T11:00:49Z,PT56M51S,
0Is2XaTL2O0,2022 09 04 - Retiro | O Caminho de Méritos e Sabedoria - #4,2022-09-04T11:47:47Z,PT3H45M1S,
0JeSgKJwpmY,2022 09 03 - Retiro | O Caminho de Méritos e Sabedoria - #1,2022-08-13T22:00:25Z,PT4H10M11S,
0KKMTijRL1A,2023 03 11 Retiro A Prática das Quatro Confianças para  permanecer firme no Caminho da Liberação #01,2023-02-10T18:18:38Z,PT2H45M30S,
0LvHEa8ig4c,"Perguntas e Respostas | Retiro de Verão 2017 #23 (10º dia, noite)",2017-02-27T00:50:49Z,PT1H13M32S,
0M2S8xGiOa4,#486 Prática de Prajnaparamita e Buda da Medicina | 11/08/2021,2021-08-11T23:08:56Z,PT1H3M6S,
0NOwThvGq04,#50 | Prática Prajnaparamita e Buda da Medicina | 01/06/2020,2020-06-02T00:53:45Z,PT1H43M55S,
0Ou0LKKsEdM,2025 01 29 - Retiro de Verão 2025 no CEBB Sukhavati #14,2025-01-29T12:00:32Z,PT2H56M11S,
0OuE2S0swaE,#197 Prática Prajnaparamita e Buda da Medicina | 26/10/2020,2020-10-27T00:11:33Z,PT59M55S,
0PYGr0SO9Y0,"2023 04 07 - Retiro ""Ação e Pacificação na Roda da Vida"" CEBB Mendjila #01",2023-03-09T20:25:44Z,PT2H40M26S,
0R2EWv_4VU4,"Retiro de Inverno 2016 #16 | Perguntas e Respostas (6º dia, noite)",2016-07-29T01:18:35Z,PT1H27M43S,
0R4W6gkwDhY,2022 06 03 - Retiro: Apresentação dos Estágios do Caminho Budista - #2,2022-05-24T21:09:42Z,PT3H8M1S,
0V65G5L5Vuc,"Retiro ""Psicologia Budista"" - Parte 2/6",2012-09-04T10:12:29Z,PT2H16M18S,
0Vn6lc4bIWg,#19 Retiro de Verão | 2018,2018-02-17T14:32:33Z,PT2H17M43S,
0WUzk64CJpM,Retiro de Verão 2014 com Lama Padma Samten (1º dia),2014-02-15T00:24:51Z,PT1H34M26S,
0X04jq9Pgf8,#1663 Puja Diário | 29/10/24,2024-10-30T11:14:45Z,PT59M55S,
0Y941ZVkPbk,teste tela piscando,2022-09-09T20:31:34Z,PT9M20S,
0YmSvOZq7vA,#876 Prática de Prajnaparamita e Buda da Medicina | 02/09/22,2022-09-02T23:14:00Z,PT1H10M35S,
0ZAZYDL-AUc,#04 | Retiro Inverno 2021 | Natureza da Realidade | 25/07/21 | Domingo Manhã,2022-11-22T00:18:13Z,PT2H54M31S,
0ZbRPldUW2s,Lama Padma Samten em Campinas - 4/14,2010-02-23T15:33:58Z,PT10M1S,
0aLJl1qPtXY,"Retiro Coração da Sabedoria: ensinamentos sobre a prajnaparamita #3 (1° dia, noite)",2016-05-15T00:44:09Z,PT1H12M1S,
0aN9_BsZvKo,#05 Estudo “O Darma Tolo de um Idiota Vestido de Barro e Penas” de Dudjom Lingpa - Lama Padma Samten,2021-04-13T00:10:44Z,PT1H8M43S,
0apa0Sc3EFE,Retiro de Inverno - 2º Dia - Tarde | 20/07/2014,2014-07-20T20:29:43Z,PT1H51M51S,
0b3992AO96o,"A Iluminação da Sabedoria Primordial e Sutra do Coração | Retiro de Verão 2017 #4 (3º dia, manhã)",2017-02-23T15:09:13Z,PT2H3M10S,
0b7zkSlJZS4,2023 09 05 Estudo de Aprofundamento | “Lucidez Diante do Bardo da Morte” (Parte 2) #06,2023-08-21T14:54:45Z,PT2H11M26S,
0bDP3Xz0deY,#509 Prática de Prajnaparamita e Buda da Medicina | 03/09/2021,2021-09-03T23:08:26Z,PT1H5M30S,
0bImK8EaWJA,#24 Estudo “Sutra Surangama - O Sutra da Grande Coroa do Buda”  - Lama Padma Samten,2021-09-23T16:40:11Z,PT2H12M11S,
0eAfmxyhQ0M,"Retiro ""Ação no mundo como caminho de lucidez"" #8 | Bolhas de realidade e sabedoria primordial",2015-04-20T20:22:20Z,PT1H57M10S,
0ePLqmuSKMY,#1613 Puja Diário | 10/09/24,2024-09-11T11:01:16Z,PT56M31S,
0fKfqIN7zRM,#328 Prática Prajnaparamita e Buda da Medicina | 05/03/2021,2021-03-05T23:07:29Z,PT1H41S,
0g7QJ043esE,#21 Retiro de Verão | 2018,2018-02-17T23:58:06Z,PT1H31M46S,
0g9PmO5x9JI,#635 Prática de Prajnaparamita e Buda da Medicina | 04/01/22,2022-01-04T23:09:05Z,PT1H4M1S,
0gwjp0O4x-c,30/04/2024 - Palestra “Superação de nossas crises existenciais e emocionais” | CEBB Joinville,2024-04-11T12:56:40Z,PT1H42M51S,
0hOhrwDQm3Y,Palestra Mente Lúcida e Compassiva – Superando os Condicionamentos,2014-09-23T23:05:40Z,PT1H31M57S,
0i_uKO6t7hA,#1714 Puja Diário | 22/12/24,2024-12-23T11:35:05Z,PT1H2M51S,
0j4uE2RRAQE,"2022 05 08 - Retreat “View, Meditation and Action” - #12",2022-04-13T12:42:39Z,PT1H50M36S,
0jX6xNw3SNs,Sua Santidade Sakya Trizin no Brasil,2011-02-10T21:08:08Z,PT9M38S,
0k4M9rYTqyE,Os Benefícios da Prática do Altar - Alessandra Destro,2014-07-23T20:08:16Z,PT1H32M46S,
0lKHLE3ciWc,#1062 Puja e Ensinamento “Meditação - purificação do ambiente e dos elementos”  |  07/03/23,2023-03-08T01:02:48Z,PT2H39M21S,
0otuAjpQOIg,#1787 Puja Diário | 05/03/25,2025-03-06T11:53:27Z,PT1H37M30S,
0ptAvx2S1gI,6 A Mandala das 5 Sabedorias,2012-10-18T06:56:54Z,PT22M56S,
0qrD19Jegnw,#1133 Puja Diário | 17/05/23,2023-05-18T11:40:59Z,PT1H28M1S,
0sRMY7EQMMQ,#1703 Puja Diário | 11/12/24,2024-12-12T11:09:51Z,PT47M46S,
0sbwfUPIilg,#1275 Puja Diário | 07/10/23,2023-10-08T10:58:25Z,PT52M21S,
0t3b3_iQ9lE,"Retiro ""Como desenvolver confiança na lucidez"" #2 (manhã)",2014-09-06T15:36:04Z,PT2H7M5S,
0tOcTGSn2-g,#63 | Prática Prajnaparamita e Buda da Medicina | 14/06/2020,2020-06-15T00:52:16Z,PT1H56M56S,
0tfzWFxvX64,#21 | Sutra do Diamante – Conclusão  | 03/05/2020,2020-05-04T00:28:23Z,PT23M8S,
0wuFwXMnCLU,#229 Prática Prajnaparamita e Buda da Medicina | 27/11/2020,2020-11-28T00:08:49Z,PT1H55S,
0xP6nQUtIB8,"2023 11 23 Estudo de Aprofundamento | “Conselhos para uma Sociedade Equilibrada e Próspera"" #09",2023-11-22T12:36:11Z,PT1H41M15S,
0yXISl1mhkU,"Retiro de Inverno 2015 #2 | Sabedoria Primordial, Silêncio e Shamatha nos 5 lungs (2º dia, manhã)",2015-07-18T14:37:29Z,PT1H49M2S,
0ytpNlixJbo,Treinamento da Mente - Caminho para a Felicidade (4/7),2013-07-01T11:16:32Z,PT1H28M14S,
0zs4bhvFwpw,O Budismo e o reencantamento da vida! Retiro com Lama Padma Samten. 2º Dia - Manhã.,2017-03-18T15:23:00Z,PT2H19M27S,
0zwynjvZl1g,#19 | 4 Nobres Verdades na Perspectiva da Iluminação Sabedoria Primordial | Segunda Tarde | 11/01/21,2021-01-06T21:36:41Z,PT2H1M27S,
11eJqlj1Vik,#1744 Puja Diário | 21/01/25,2025-01-22T12:11:24Z,PT1H38M1S,
11oVpyZFQdY,#24 | Retiro de Inverno 2020 | Perguntas e Respostas | 01/08/2020,2020-08-02T00:52:17Z,PT1H20M41S,
13HIuP9XO3M,04/09/2018 - Ensinamentos com o Lama Padma Samten,2018-09-05T00:54:33Z,PT1H21M23S,
14a4F5WvuDs,2024 07 24 - Retiro de Inverno 2024 no CEBB Alto Paraíso #08,2024-07-21T11:56:10Z,PT2H17M26S,
16meabHYQmI,2022 10 28 - Retiro |  Instruções Práticas do Buda para nossas Vidas - #12(novo),2022-10-25T19:26:59Z,PT3H3M40S,
19-LNSregME,[ VÍDEO SUBSTITUÍDO : Superando os Conflitos ],2016-03-19T21:36:35Z,PT2H38M10S,
19FitBZ2-Kw,#793 Prática de Prajnaparamita e Buda da Medicina | 11/06/22,2022-06-11T23:25:28Z,PT1H24M35S,
1A821KcBpGI,#1140 Puja Diário | 24/05/23,2023-05-25T10:59:51Z,PT57M36S,
1BnA26lRZsE,Budismo e o reencantamento com o mundo,2017-08-21T00:51:23Z,PT2H7M34S,
1C08GtiC-GE,#837 Prática de Prajnaparamita e Buda da Medicina | 25/07/22,2022-07-25T23:30:57Z,PT1H32M27S,
1ETUkW0j_Y8,"Retiro de Inverno 2016 #11 | (4º dia, manhã)",2016-07-26T15:49:03Z,PT1H50M28S,
1EhP__HtJuw,Puja Diário e Palestra: Recuperando os sonhos e a alegria de viver (CEBB Joinville) | 02/05/23,2023-05-03T13:22:05Z,PT3H2M54S,
1HKltzxX0Bw,A Compaixão e o Paradigma Econômico: “O que eu faço da minha vida?”,2017-06-25T15:22:38Z,PT2H3M25S,
1HkVIU3BU6g,2022 03 01 - Retiro de Verão: A Prática na Vida Cotidiana MANHÃ,2022-02-18T11:02:01Z,PT3H29M1S,
1HlgAF8EEEg,Educação na Perspectiva Budista - Parte 5,2011-12-03T04:32:57Z,PT24M47S,
1KBfu8rRpNc,#418 Prática de Prajnaparamita e Buda da Medicina | 04/06/2021,2021-06-04T23:02:51Z,PT50M36S,
1LPRZtw-wjA,teste português,2022-04-25T20:33:05Z,PT5M36S,
1Nhx09XTrM8,Budismo e Alegria de Viver - Retiro com o Lama Padma Samten #1 (Sexta-Feira/ Noite),2019-05-25T01:00:20Z,PT1H12M5S,
1OnbzzYk4ok,"Miniretiro: ""Como construir Terra Pura"" (3ºDia | Manhã)",2014-05-05T01:06:13Z,PT2H33M46S,
1QDReXbR_UY,2022 06 09 - Retiro: Apresentação dos Estágios do Caminho Budista - #8,2022-05-24T21:42:49Z,PT2H12M51S,
1QtNqompSss,#519 Prática de Prajnaparamita e Buda da Medicina | 13/09/2021,2021-09-13T22:52:43Z,PT54M6S,
1QxDYiwM4_Y,#1680 Puja Diário | 16/11/24,2024-11-17T11:23:20Z,PT50M26S,
1RS5go-txcc,#1078 Prática de Prajnaparamita e Buda da Medicina  |  23/03/23,2023-03-23T23:12:24Z,PT58M1S,
1SKUKx6zhns,2023 04 29 | Retiro Refúgio nas Três Jóias - Clareza e confiança no caminho - CEBB Sukhavati | #1,2023-04-28T12:16:26Z,PT2H37M44S,
1SjkpbLQl6A,#1026 Prática de Prajnaparamita e Buda da Medicina  |  30/01/23,2023-01-30T23:44:52Z,PT1H21M10S,
1TBdo0LkO60,"Retiro de Inverno 2016 #2 | (1º dia, manhã)",2016-07-23T15:49:48Z,PT1H54M29S,
1XhRnSkFZtA,#774 Prática de Prajnaparamita e Buda da Medicina | 23/05/22,2022-05-23T23:41:08Z,PT1H35M54S,
1aCamQAffyM,2025 05 30 - Estudo de Aprofundamento - O Sutra do Lótus #9,2025-05-30T11:08:21Z,PT2H21M16S,
1c3QFvVHwbc,#1546 Puja Diário | 05/07/24,2024-07-06T11:50:46Z,PT1H48M15S,
1cyjsJLaiT8,#730 Prática de Prajnaparamita e Buda da Medicina | 09/04/22,2022-04-09T23:18:42Z,PT1H20M18S,
1f0GZFFbOMk,#1043 Prática de Prajnaparamita e Buda da Medicina  |  16/02/23,2023-02-16T23:54:33Z,PT1H32M56S,
1fTEriL1Glg,#1146 Puja Diário | 30/05/23,2023-05-31T11:13:28Z,PT55M1S,
1hnKvdzbm-U,#1790 Puja Diário | 08/03/25,2025-03-09T11:20:25Z,PT1H3M5S,
1iWOs6l6Grw,"2023 12 10 Retiro ""Desafios do Mundo Contemporâneo ao Darma do Buda"" CEBB Sukhavati | #03 (manhã)",2025-06-01T19:19:26Z,PT3H42M21S,
1knQ3-bmhKk,2022 06 05 - Retiro: Apresentação dos Estágios do Caminho Budista - #4,2022-05-24T21:16:03Z,PT3H4M31S,
1kojbp_12K4,"2022 01 13 - A Prática da Lucidez Rigpa, Prajna e Sati - TARDE",2022-01-05T19:47:31Z,PT3H5M51S,
1mmhfpZ_LPk,#1822 Puja Diário | 09/04/25,2025-04-10T11:09:29Z,PT1H2M41S,
1p25Sd5tST8,#1777 Puja Diário | 23/02/25,2025-02-24T11:26:35Z,PT1H18M46S,
1sgR7UPBxPI,Buda e Cristo - parte 2,2013-01-08T00:31:03Z,PT1H3M18S,
1tCoVjaLfZ0,1 Retiro GURU IOGA,2012-10-03T02:57:38Z,PT1H5M52S,
1td7Gv0oVHU,#20 Retiro da Iluminação do Buda | Segunda Tarde | 07/12/2020,2022-11-21T23:10:33Z,PT1H59M35S,
1uALxPejYj8,#671 Prática de Prajnaparamita e Buda da Medicina | 09/02/22,2022-02-09T22:57:53Z,PT54M28S,
1uNdmMLo7JE,2023 02 05 - A Iluminação da Sabedoria Primordial #02 - manhã,2023-02-03T11:16:54Z,PT3H24M51S,
1uUAAMAzalU,#1191  Puja Diário | 14/07/23,2023-07-15T13:02:57Z,PT2H21M6S,
1ufUsIMKg94,#1344 Puja Diário | 15/12/23,2023-12-16T11:08:18Z,PT59M16S,
1utQSaVyklM,"2024/04/23 - Estudo de Aprofundamento - Sabedoria, Nirvana, Etapas de Realização | #14",2024-04-11T12:09:47Z,PT2H16M51S,
1wJlqSDPDuQ,"2024 01 19 Palestra ""A Meditação e os Três Mundos"" CEBB SP",2024-01-09T19:19:52Z,PT2H50M36S,
1wQj1pyNxBY,"#23 | Retiro de Verão 2021:Treinamento de Visão, Meditação e Ação no Programa de 21 Itens | 20/02/21",2022-11-22T00:43:25Z,PT1H29M30S,
1zJIoqDjy2Y,#05 | 4º voto do Buda da Medicina | 17/04/2020,2020-04-18T00:27:34Z,PT18M23S,
2-T8rye7e30,#667 Prática de Prajnaparamita e Buda da Medicina | 05/02/22,2022-02-05T23:31:59Z,PT1H34M32S,
2-smi3Fgf5M,2025 02 01 - Retiro de Verão 2025 no CEBB Sukhavati #17,2025-02-01T11:50:00Z,PT2H32M45S,
22aH98KSqJE,2024 01 27 Retiro “Como reconhecer e dissolver padrões negativos e gerar benefícios?” | AP #02,2025-06-01T19:19:51Z,PT3H9M11S,
23mqpQnqVMg,#04 | Perguntas & Respostas (#282 Prajnaparamita) | 19/01/2021,2021-01-19T23:44:28Z,PT1H30M15S,
23zktoqm6UU,"2022 05 05 - Retiro | Visão, Meditação e Ação - #09",2022-04-11T12:14:30Z,PT3H14M1S,
24SEBzWLCfw,"Retiro ""Conselhos sobre a morte"" #5 (MANHÃ)",2014-10-19T14:46:49Z,PT2H51M41S,
25pRn1IKViA,#883 Prática de Prajnaparamita e Buda da Medicina  | 09/09/22,2022-09-09T23:36:01Z,PT1H32M1S,
25pqM7D677s,"2024 09 25 - Estudo de Aprofundamento ""O Livro Tibetano dos Mortos"" #07",2024-09-25T11:54:00Z,PT2H12M10S,
26eCgsZ-IHo,"Retiro de Verão 2016 #20 | Como Trabalhar com a Energia e os 5 Elementos; Os 6 Selos (7º dia, manhã)",2016-02-12T14:58:44Z,PT2H15M11S,
26no0bVKDm4,"Comentários às Instruções de Tilopa a Naropa  #16 | (8º dia, tarde)",2019-07-12T20:15:27Z,PT1H56M24S,
28FyM9DZg34,Conselhos do coração #5 | Itens 9 a 14 e controles de qualidade (manhã),2015-07-05T16:35:40Z,PT2H42M31S,
28Z59wAQZQc,#1580 Puja Diário | 08/08/24,2024-08-09T11:18:12Z,PT59M10S,
29cTOi_2voc,2024 03 16 Iluminando a Mente da Sabedoria | Estudo de Aprofundamento #04,2024-03-01T17:23:46Z,PT2H16S,
2ABxglp1aIs,#479 Prática de Prajnaparamita e Buda da Medicina | 04/08/2021,2021-08-04T23:04:06Z,PT58M26S,
2A_cEXnpUOY,Caminho gradual e práticas preliminares | Retiro de Inverno sobre meditação - Parte 3/14,2012-09-04T02:07:50Z,PT11M13S,
2Az04AdpTmM,#732 Prática de Prajnaparamita e Buda da Medicina | 11/04/22,2022-04-11T23:31:11Z,PT1H28M53S,
2CcEWdKjdzc,#1876 Puja Diário | 02/06/25,2025-06-03T11:02:11Z,PT1H50S,
2Djf5eLqLMI,#07 Retiro de Inverno 2020 | 12 Elos da Originação Dependente |  27/07/2020,2022-11-21T23:58:05Z,PT2H5M20S,
2Ebe5ftNlrE,"23 04 22|Retiro | Lucidez em meio à vida: é possível, como fazer? | #3 - Lingua Brasileira de Sinais",2023-04-22T11:56:17Z,PT2H44M10S,
2FWzC_dtP5M,#497 Prática de Prajnaparamita e Buda da Medicina | 22/08/2021,2021-08-22T23:01:09Z,PT56M17S,
2Gwm9k4PiO4,#174 Prática Prajnaparamita e Buda da Medicina | 03/10/2020,2020-10-04T00:06:08Z,PT50M56S,
2Gz4-1PFr1Y,#42 | Prajnaparamita e Buda da Medicina | Perguntas e Respostas | 24/05/2020,2020-05-25T01:09:07Z,PT1H46M3S,
2HD9o0NZHA8,#545 Prática de Prajnaparamita e Buda da Medicina | 09/10/2021,2021-10-09T22:51:09Z,PT42M36S,
2HQo1z6GNIE,Meditação e Felicidade: retiro com Lama Padma Samten no CEBB Mendjila - 2º Dia (manhã),2017-08-26T15:18:14Z,PT2H20M49S,
2IUp3IxJFME,#1328 Puja Diário | 29/11/23,2023-11-30T11:29:54Z,PT1H15M56S,
2JnV1kDb5Xw,"Originação dependente, potes luminosos, inteligências vivas e sectarismo (SP, out/2018, parte 1)",2018-10-06T15:33:02Z,PT2H43M30S,
2KXkUMUDrzE,#1818 Puja Diário | 05/04/25,2025-04-06T12:20:21Z,PT1H45M6S,
2KwR_FseTXg,#Puja | Retiro Praticando nos Bardos · 19/09/21 | Domingo Manhã,2021-09-17T23:20:59Z,PT1H29M36S,
2LCNsPrdLGk,[Inglês] 2024 02 12 Retiro de Verão 2024 | CEBB CM #3.5 (tarde),2024-02-12T17:38:48Z,PT2H24M16S,
2LEIq6T50UA,Budismo e Responsabilidade Universal   Relato 4b,2010-10-16T06:34:29Z,PT8M13S,
2LkMEfurPfw,#1218 Puja Diário | 11/08/23,2023-08-12T11:05:06Z,PT55M46S,
2MPVKqEoU3w,"Retiro de Inverno 2016 #20 | (8º dia, manhã)",2016-07-30T16:00:30Z,PT1H55M9S,
2NjfDNjF6IY,"Palestra: ""Meditação e energia no cotidiano dos ciclos da vida"" | CEBB Recife",2023-09-07T13:47:03Z,PT2H9M6S,
2O5BGneUWMM,"2024 09 18 - Estudo de Aprofundamento ""O Livro Tibetano dos Mortos"" #03",2024-09-18T11:58:19Z,PT2H32M16S,
2Ow1Ic-4SDA,A visão budista do cosmos e dos 31 mundos,2021-08-07T20:35:47Z,PT2H13M56S,
2Qs2fnQRsIc,Budismo e Alegria de Viver #2 - Retiro com o Lama Padma Samten (manhã de sábado),2019-05-25T15:28:32Z,PT2H42M36S,
2RJVc2shFBI,2022 07 18 - Retiro de Inverno 2022 - 2ªparte - #8,2022-07-10T22:27:57Z,PT3H29M16S,
2RvDGr2_mc8,#154 Prática Prajnaparamita e Buda da Medicina | 13/09/2020,2020-09-14T00:13:12Z,PT1H4M20S,
2RvfwPRLfjY,"2022 11 13 - Retiro |  Visão, Pacificação e Cura – Ensinamentos do Buda para Nossas Vidas- #05",2022-11-10T18:13:51Z,PT3H31M10S,
2SUti9-ZWHg,2022 10 02 - Retiro | Caminhando juntos: a preciosidade da Sanga na construção de Terra Pura - #04,2022-09-19T14:34:41Z,PT3H11M45S,
2To0NN9l_zM,"2023 10 07 Minirretiro ""Como enfrentar com lucidez os desafios na vida cotidiana"" | RJ #01 (manhã)",2025-06-01T19:18:07Z,PT3H56S,
2Uu5CfSFLh4,#24 Perguntas & Respostas (#475 Prática de Prajnaparamita e Buda da Medicina) | 31/07/21,2021-07-31T23:04:37Z,PT1H4M35S,
2Vkv7PUhsU8,2025 01 29 - Retiro de Verão 2025 no CEBB Sukhavati #14.5,2025-01-29T17:44:21Z,PT1H17M56S,
2VnoBAM8oe0,#1134 Puja Diário | 18/05/23,2023-05-19T11:02:27Z,PT58M51S,
2WRo9N3zZEk,"Retiro ""Psicologia Budista"" em SP #4",2012-09-04T22:35:42Z,PT1H25M28S,
2WiIyAh-zdM,#1642 Puja Diário | 08/10/24,2024-10-09T11:03:01Z,PT56M41S,
2WjheYyJ8Xc,#09 Retiro de Inverno 2018 | Lama Padma Samten,2018-07-09T20:05:45Z,PT50M54S,
2X779WtBKLU,#1255 Puja Diário | 17/09/23 - CEBB Maceió,2023-09-18T11:27:15Z,PT1H21M15S,
2XJjyhSupaw,"Retiro de Verão 2020 #8 (4º dia, tarde)",2020-02-24T20:19:20Z,PT1H38M41S,
2YYPjR4oqFE,teste,2020-09-19T15:15:53Z,PT3M10S,
2_8L12jz9iQ,#1516 Puja Diário | 05/06/24,2024-06-06T11:09:37Z,PT1H12M5S,
2_TjJuzRT5U,#04 2022 08 13 - Presentation of the Stages of the Buddhist Path  - Part 2,2022-08-12T23:14:30Z,PT2H4M12S,
2aVOZvph1tE,Treinando Nossa Mente #4 | Retiro com Lama Samten,2017-09-25T13:42:59Z,PT2H50M38S,
2byHAxyNw2k,#1357 Puja Diário | 28/12/23,2023-12-29T13:00:08Z,PT2H26M35S,
2dPen9WUCvY,#961 Prática de Prajnaparamita e Buda da Medicina  | 26/11/22,2022-11-26T23:00:32Z,PT57M41S,
2da9yuY3Upw,Budismo e Pensamento Contemporâneo - 6,2010-09-27T11:12:39Z,PT10M1S,
2fVvl1lUXOg,2 - Conversa Lama Samten e Professores da Escola Caminho do,2013-06-25T23:25:38Z,PT1H36M53S,
2gMKd3VODU8,#218 Prática Prajnaparamita e Buda da Medicina | 16/11/2020,2020-11-16T23:52:59Z,PT49M10S,
2g_pWGOArQo,Conversa com Lama Samten na Vivência formativa para jovens,2022-06-18T14:07:42Z,PT1H25M11S,
2h1ygQ0SZXo,"Palestra ""Construindo Terras Puras"" | Alto Paraíso - GO",2015-12-16T23:48:02Z,PT1H26M,
2j72sM5JjOU,2022 09 20 - Retiro |  Amadurecimento Progressivo da Visão e Meditação - #7,2022-09-16T10:37:56Z,PT3H10M56S,
2kjkxwSnGwg,#141 Prática Prajnaparamita e Buda da Medicina | 31/08/2020,2020-09-01T00:08:10Z,PT1H1M49S,
2lKvgKyn6k0,[ VÍDEO SUBSTITUÍDO : Retiro de Verão 2016 #25 ],2016-02-14T14:58:34Z,PT1H17M50S,
2lyK4eJU7Q4,"2025 04 12 - Retiro ""O Caminho Budista para o Equilíbrio Social, Saúde Física e Mental"" #01",2025-03-24T12:47:41Z,PT3H14M35S,
2mqIez0Qx5Q,"4ª Nobre Verdade: Nobre Caminho de Oito Passos | Retiro de Verão 2019 #5 (3º dia, tarde)",2019-03-03T20:14:17Z,PT2H59M34S,
2mtR56iz3pI,#37 | Os Cinco Bardos – Instruções de Contemplação | 19/05/2020,2020-05-20T00:45:34Z,PT35M11S,
2oCg-O0UHsE,#1323 Puja Diário | 24/11/23,2023-11-25T11:06:34Z,PT1H2M51S,
2pHM-uJ_0EI,2022 07 03 - Retiro de Inverno 2022 - 1ªparte - #2,2022-06-28T19:45:30Z,PT3H12M26S,
2tQk9GFbvMg,O Estado Desperto Autoliberado   Instruções Diretas para o Mahamudra,2023-01-12T15:16:56Z,PT2M42S,
2uVNOEcAnDc,2022 10 23 - Retiro |  Instruções Práticas do Buda para nossas Vidas - #7 (novo),2022-10-23T10:23:22Z,PT3H9M46S,
2yY1NndF598,#1214 Puja Diário | 07/08/23,2023-08-08T11:27:20Z,PT1H18M21S,
3-4lsGKMKxY,#669 Prática de Prajnaparamita e Buda da Medicina | 07/02/22,2022-02-07T22:59:58Z,PT54M56S,
3-x2qmN4-vk,3 Psicologia Budista,2013-06-25T22:32:43Z,PT12M37S,
30DZYah38o8,#1376 Puja Diário | 17/01/24,2024-01-18T11:06:55Z,PT1H1M21S,
30m6M6xyLOs,#1498 Puja Diário | 18/05/24,2024-05-19T11:04:31Z,PT1H1M50S,
33BjxU1qqHk,#672 Prática de Prajnaparamita e Buda da Medicina | 10/02/22,2022-02-10T22:59:46Z,PT50M18S,
33JRNmT6kJo,[ VÍDEO SUBSTITUÍDO: Projetos Bodisatva e Terras Puras | Retiro de Verão 2017 #9 ],2017-02-21T01:17:38Z,PT1H53M9S,
342fjCG7uko,#1757 Puja Diário | 03/02/25,2025-02-04T11:22:03Z,PT1H12M50S,
347HlVu-BYE,"2024 05 12 - Nossa Existência, o Mundo, o Buda, o Darma e a Sociedade | Estudo de Aprofundamento #04",2024-05-12T11:59:06Z,PT2H7M25S,
37BNuer38kM,2024 07 25 - Retiro de Inverno 2024 no CEBB Alto Paraíso #10,2024-07-21T12:00:04Z,PT1H51M30S,
39L4hTL5MXM,[Inglês] 2024 02 25 Retiro de Verão 2024 | CEBB Akanishta - Bacupari #02,2024-02-25T11:57:22Z,PT2H55M22S,
3ADRDetSP6g,#19 Estudo “Sutra Surangama - O Sutra da Grande Coroa do Buda”  - Lama Padma Samten,2021-06-30T22:18:33Z,PT1H41M21S,
3BX0vj4Cups,2023 08 12 - Curso Budismo e Sociedade - CEBB Pelotas #01,2023-07-27T15:22:52Z,PT2H32M56S,
3C9EvgL_5Nc,"2022 01 12 - A Prática da Lucidez Rigpa, Prajna e Sati - MANHÃ",2022-01-05T19:41:50Z,PT3H4M45S,
3CSNrCtwzgw,"Miniretiro: ""A Essência da Compaixão"" (2ºDia | Manhã)",2014-07-13T15:52:26Z,PT2H6M31S,
3CeUOev_nak,Palestra - Budismo e Cultura Contemporânea,2025-04-27T17:16:58Z,PT2H21M50S,
3EcgZSXwAYA,O que estamos fazendo no CEBB #3 | Lama Padma Samten,2015-01-25T14:37:46Z,PT3H2M12S,
3EdJPf95SPQ,#249 Prática Prajnaparamita e Buda da Medicina | 17/12/2020,2020-12-18T00:22:49Z,PT1H16M22S,
3HKco_R6_sA,#612 Prática de Prajnaparamita e Buda da Medicina | 16/12/21,2021-12-16T23:14:48Z,PT1H18M10S,
3Js3Io95GiQ,O amor como caminho para a iluminação - Manhã (8/13) - Lama Padma Samten,2010-06-18T20:09:40Z,PT9M22S,
3K1EozhemNI,#1509 Puja Diário | 29/05/24,2024-05-30T10:49:22Z,PT32M41S,
3LqmKkue0VQ,"Perguntas e respostas | Retiro de Inverno 2017 #4 (2º dia, noite)",2017-07-23T00:59:05Z,PT1H27M20S,
3TBr3MQnMgA,2023 07 27 - Caminho da Ação no Mundo | Retiro de Inverno Alto Paraíso #12 (tarde),2023-07-15T19:01:25Z,PT1H56M16S,
3Z5_EizbjFY,#967 Prática de Prajnaparamita e Buda da Medicina  | 02/12/22,2022-12-03T00:44:33Z,PT2H37M46S,
3dWizBIR4b0,Diálogos entre Oriente e Ocidente: o conhecimento da mente no pensamento budista,2015-08-22T12:08:21Z,PT11M27S,
3fah4gmSiJ8,#1532 Puja Diário | 21/06/24,2024-06-22T12:51:52Z,PT2H44M56S,
3gZcFYwCMeY,2024 03 14 Iluminando a Mente da Sabedoria | Estudo de Aprofundamento #02,2024-03-01T17:22:14Z,PT1H58M36S,
3hUhubhStDQ,#760 Prática de Prajnaparamita e Buda da Medicina | 09/05/22,2022-05-09T23:02:20Z,PT45M26S,
3h_MKdeLUvk,Palestra Budismo para Curiosos - Lama Padma Samten,2025-05-19T03:48:45Z,PT2H8M5S,
3iP9GA6tHss,2022 10 17 - Retiro |  Instruções Práticas do Buda para nossas Vidas - #1,2022-10-14T00:16:25Z,PT3H2M26S,
3j_p_9uiIN0,#143 Prática Prajnaparamita e Buda da Medicina | 02/09/2020,2020-09-03T00:29:44Z,PT1H20M33S,
3jaetO9WyYw,#1207 Puja Diário | 31/07/23,2023-08-01T10:55:13Z,PT52M21S,
3kGuGhzjSQg,[EN] 2022 09 21 - Retreat | Progressive ripening of view and meditation - #8,2022-09-16T10:25:24Z,PT1H48M10S,
3kZbQh0f5Uk,"O Caminho de Lucidez | Retiro de Verão #16.1(8º dia, tarde)",2017-02-24T18:23:24Z,PT20M42S,
3l-NhOPIs1A,#666 Prática de Prajnaparamita e Buda da Medicina | 04/02/22,2022-02-04T23:22:30Z,PT1H29M55S,
3nBMCLxFezE,#1103 Prática de Prajnaparamita e Buda da Medicina  |  17/04/23,2023-04-18T11:12:08Z,PT50M45S,
3nlyn0n-CTc,"""Ir além do que pode ser pensado e criar soluções"" - Lama Padma Samten (7/7)",2010-10-19T05:43:33Z,PT12M59S,
3sFt6_BuwQ0,Prajna Presença SP Parte 4,2013-05-06T16:50:00Z,PT1H2M12S,
3v3S5K4za18,#1464 Puja Diário | 14/04/24,2024-04-15T11:39:17Z,PT57M15S,
3wZTwUSLcFU,2022 01 26 - A Meditação dos Jhanas TARDE,2021-12-13T22:00:13Z,PT3H7M36S,
3ysG2gP2U1Y,#1484 Puja Diário | 04/05/24,2024-05-05T11:23:29Z,PT1H21M1S,
